state,workload,query,oracle_ms,prepared_ms,instant_ms,instant_over_prepared,prepared_input_bytes,instant_input_bytes,prepared_instant_hash_match
warm,job,01a,35.500,39.000,45.500,1.166667,0,0,true
warm,job,01b,50.500,22.000,34.000,1.545455,0,0,true
warm,job,01c,32.500,23.500,36.500,1.553191,0,0,true
warm,job,01d,43.000,23.500,37.000,1.574468,0,0,true
warm,job,02a,91.000,86.000,80.000,0.930233,0,0,true
warm,job,02b,90.000,84.000,76.000,0.904762,0,0,true
warm,job,02c,21.000,26.000,39.500,1.519231,0,0,true
warm,job,02d,111.500,101.000,94.000,0.930693,0,0,true
warm,job,03a,416.000,354.500,310.500,0.875882,0,0,true
warm,job,03b,557.000,484.000,474.000,0.979339,0,0,true
warm,job,03c,528.000,412.500,401.500,0.973333,0,0,true
warm,job,04a,104.000,87.000,82.000,0.942529,0,0,true
warm,job,04b,76.500,74.500,75.000,1.006711,0,0,true
warm,job,04c,110.000,97.500,90.000,0.923077,0,0,true
warm,job,05a,3.000,36.500,66.500,1.821918,0,0,true
warm,job,05b,3.500,36.500,64.500,1.767123,0,0,true
warm,job,05c,340.500,282.500,269.500,0.953982,0,0,true
warm,job,06a,245.500,242.000,245.500,1.014463,0,0,true
warm,job,06b,255.000,247.500,244.500,0.987879,0,0,true
warm,job,06c,250.500,249.500,241.000,0.965932,0,0,true
warm,job,06d,266.500,261.000,259.000,0.992337,0,0,true
warm,job,06e,247.500,242.500,243.500,1.004124,0,0,true
warm,job,06f,521.000,487.500,415.500,0.852308,0,0,true
warm,job,07a,205.000,146.500,159.000,1.085324,0,0,true
warm,job,07b,136.500,98.000,125.500,1.280612,0,0,true
warm,job,07c,869.000,679.500,626.500,0.922001,0,0,true
warm,job,08a,358.000,239.500,302.500,1.263048,0,0,true
warm,job,08b,295.000,195.500,210.500,1.076726,0,0,true
warm,job,08c,792.000,724.000,732.500,1.011740,0,0,true
warm,job,08d,226.000,187.000,189.000,1.010695,0,0,true
warm,job,09a,444.500,336.500,320.500,0.952452,0,0,true
warm,job,09b,425.000,309.000,313.000,1.012945,0,0,true
warm,job,09c,438.000,433.500,414.000,0.955017,0,0,true
warm,job,09d,664.500,643.000,628.000,0.976672,0,0,true
warm,job,10a,445.000,432.500,509.000,1.176879,0,0,true
warm,job,10b,257.000,302.500,332.500,1.099174,0,0,true
warm,job,10c,1056.000,1009.500,937.000,0.928182,0,0,true
warm,job,11a,36.500,29.500,54.500,1.847458,0,0,true
warm,job,11b,160.500,136.000,145.000,1.066176,0,0,true
warm,job,11c,50.500,44.000,68.500,1.556818,0,0,true
warm,job,11d,41.500,37.000,58.000,1.567568,0,0,true
warm,job,12a,107.000,113.500,111.500,0.982379,0,0,true
warm,job,12b,99.000,36.500,62.500,1.712329,0,0,true
warm,job,12c,131.500,132.500,134.500,1.015094,0,0,true
warm,job,13a,112.000,103.000,115.000,1.116505,0,0,true
warm,job,13b,129.500,127.500,138.000,1.082353,0,0,true
warm,job,13c,97.500,80.500,95.000,1.180124,0,0,true
warm,job,13d,185.000,172.000,180.500,1.049419,0,0,true
warm,job,14a,111.000,96.000,114.500,1.192708,0,0,true
warm,job,14b,132.000,96.000,116.500,1.213542,0,0,true
warm,job,14c,139.500,124.000,123.500,0.995968,0,0,true
warm,job,15a,281.500,260.500,264.000,1.013436,0,0,true
warm,job,15b,375.000,123.500,135.500,1.097166,0,0,true
warm,job,15c,268.500,264.500,244.500,0.924386,0,0,true
warm,job,15d,203.500,182.000,178.500,0.980769,0,0,true
warm,job,16a,362.000,328.500,279.000,0.849315,0,0,true
warm,job,16b,1195.500,1104.500,1088.500,0.985514,0,0,true
warm,job,16c,459.000,415.500,372.000,0.895307,0,0,true
warm,job,16d,442.500,401.500,357.000,0.889166,0,0,true
warm,job,17a,360.000,234.000,232.000,0.991453,0,0,true
warm,job,17b,330.000,232.500,220.500,0.948387,0,0,true
warm,job,17c,331.000,213.500,200.000,0.936768,0,0,true
warm,job,17d,512.000,414.500,364.000,0.878166,0,0,true
warm,job,17e,653.500,618.500,557.000,0.900566,0,0,true
warm,job,17f,646.500,650.000,588.500,0.905385,0,0,true
warm,job,18a,482.000,484.000,448.000,0.925620,0,0,true
warm,job,18b,524.500,513.500,453.500,0.883155,0,0,true
warm,job,18c,840.000,789.500,733.000,0.928436,0,0,true
warm,job,19a,360.000,280.000,266.000,0.950000,0,0,true
warm,job,19b,358.500,257.500,279.500,1.085437,0,0,true
warm,job,19c,507.000,453.500,380.500,0.839030,0,0,true
warm,job,19d,688.000,664.500,657.000,0.988713,0,0,true
warm,job,20a,767.500,649.500,587.500,0.904542,0,0,true
warm,job,20b,557.500,461.500,456.500,0.989166,0,0,true
warm,job,20c,789.000,709.000,633.500,0.893512,0,0,true
warm,job,21a,78.000,57.500,88.500,1.539130,0,0,true
warm,job,21b,78.500,53.500,86.000,1.607477,0,0,true
warm,job,21c,79.000,60.000,91.500,1.525000,0,0,true
warm,job,22a,201.000,189.500,189.000,0.997361,0,0,true
warm,job,22b,202.000,174.000,176.000,1.011494,0,0,true
warm,job,22c,227.500,202.500,201.500,0.995062,0,0,true
warm,job,22d,186.000,171.000,166.000,0.970760,0,0,true
warm,job,23a,263.000,232.000,248.000,1.068966,0,0,true
warm,job,23b,364.500,226.500,126.000,0.556291,0,0,true
warm,job,23c,240.500,244.500,254.000,1.038855,0,0,true
warm,job,24a,469.500,402.500,381.500,0.947826,0,0,true
warm,job,24b,392.500,334.500,352.000,1.052317,0,0,true
warm,job,25a,774.000,735.000,688.000,0.936054,0,0,true
warm,job,25b,336.500,338.000,329.500,0.974852,0,0,true
warm,job,25c,837.000,805.000,731.000,0.908075,0,0,true
warm,job,26a,781.000,703.000,634.500,0.902560,0,0,true
warm,job,26b,704.000,602.000,543.500,0.902824,0,0,true
warm,job,26c,744.000,682.000,621.000,0.910557,0,0,true
warm,job,27a,71.500,55.000,89.000,1.618182,0,0,true
warm,job,27b,58.000,53.500,90.000,1.682243,0,0,true
warm,job,27c,74.500,56.000,91.500,1.633929,0,0,true
warm,job,28a,201.500,151.500,160.000,1.056106,0,0,true
warm,job,28b,138.000,125.000,131.000,1.048000,0,0,true
warm,job,28c,209.500,166.000,174.500,1.051205,0,0,true
warm,job,29a,381.000,408.500,368.500,0.902081,0,0,true
warm,job,29b,581.000,343.000,373.000,1.087464,0,0,true
warm,job,29c,404.000,348.000,345.500,0.992816,0,0,true
warm,job,30a,659.500,590.500,530.000,0.897544,0,0,true
warm,job,30b,491.500,424.500,403.500,0.950530,0,0,true
warm,job,30c,783.500,757.500,686.000,0.905611,0,0,true
warm,job,31a,633.500,557.500,527.000,0.945291,0,0,true
warm,job,31b,482.500,340.500,444.500,1.305433,0,0,true
warm,job,31c,681.000,590.500,548.000,0.928027,0,0,true
warm,job,32a,8.000,9.500,31.000,3.263158,0,0,true
warm,job,32b,59.500,54.500,57.500,1.055046,0,0,true
warm,job,33a,88.500,66.500,93.000,1.398496,0,0,true
warm,job,33b,55.500,68.000,99.000,1.455882,0,0,true
warm,job,33c,91.500,63.500,97.000,1.527559,0,0,true
warm,tpch_sf10,q01,1624.000,1455.500,1439.500,0.989007,0,0,true
warm,tpch_sf10,q02,200.000,175.000,182.500,1.042857,0,0,true
warm,tpch_sf10,q03,884.500,752.000,629.500,0.837101,0,0,true
warm,tpch_sf10,q04,999.500,802.500,795.000,0.990654,0,0,true
warm,tpch_sf10,q05,1051.500,931.000,757.500,0.813641,0,0,true
warm,tpch_sf10,q06,656.500,545.000,548.500,1.006422,0,0,true
warm,tpch_sf10,q07,1023.000,869.500,730.000,0.839563,0,0,true
warm,tpch_sf10,q08,1073.000,987.000,791.000,0.801418,0,0,true
warm,tpch_sf10,q09,2427.500,2064.500,1941.000,0.940179,0,0,true
warm,tpch_sf10,q10,1669.500,1604.500,1409.000,0.878155,0,0,true
warm,tpch_sf10,q11,156.000,146.500,129.500,0.883959,0,0,true
warm,tpch_sf10,q12,1055.500,1012.000,870.500,0.860178,0,0,true
warm,tpch_sf10,q13,2465.500,2559.000,2469.000,0.964830,0,0,true
warm,tpch_sf10,q14,886.000,731.000,636.500,0.870725,0,0,true
warm,tpch_sf10,q15,743.000,633.500,628.500,0.992107,0,0,true
warm,tpch_sf10,q16,388.000,408.000,400.000,0.980392,0,0,true
warm,tpch_sf10,q17,924.000,908.000,929.500,1.023678,0,0,true
warm,tpch_sf10,q18,2552.000,2653.000,2580.000,0.972484,0,0,true
warm,tpch_sf10,q19,1292.500,1154.500,1122.500,0.972282,0,0,true
warm,tpch_sf10,q20,997.500,1061.000,957.000,0.901979,0,0,true
warm,tpch_sf10,q21,2334.000,1731.000,1629.500,0.941363,0,0,true
warm,tpch_sf10,q22,399.500,428.500,419.500,0.978996,0,0,true
warm,appian,q01,1120.000,1292.500,1239.500,0.958994,0,0,true
warm,appian,q02,2803.500,2941.000,2906.000,0.988099,0,0,true
warm,appian,q03,2714.500,2509.000,2466.500,0.983061,0,0,true
warm,appian,q04,10772.500,10643.000,11379.000,1.069153,0,0,true
warm,appian,q05,1761.000,1978.000,1931.000,0.976239,0,0,true
warm,appian,q06,2021.000,2460.500,2434.500,0.989433,0,0,true
warm,appian,q07,1777.500,1740.500,1670.500,0.959782,0,0,true
warm,appian,q08,17068.500,15784.500,16251.500,1.029586,0,0,true
cold,job,01a,60.000,64.000,70.000,1.093750,27361280,43089920,true
cold,job,01b,67.000,41.000,52.000,1.268293,15826944,31817728,true
cold,job,01c,43.000,43.000,51.000,1.186047,17104896,33914880,true
cold,job,01d,56.000,39.000,50.000,1.282051,16351232,31817728,true
cold,job,02a,140.000,149.000,138.000,0.926174,68452352,68812800,true
cold,job,02b,141.000,146.000,138.000,0.945205,69566464,68812800,true
cold,job,02c,28.000,46.000,57.000,1.239130,18972672,34209792,true
cold,job,02d,165.000,164.000,154.000,0.939024,68714496,68812800,true
cold,job,03a,725.000,714.000,709.000,0.992997,475365376,475660288,true
cold,job,03b,819.000,823.000,836.000,1.015796,603324416,607748096,true
cold,job,03c,867.000,836.000,843.000,1.008373,592248832,592838656,true
cold,job,04a,146.000,137.000,124.000,0.905109,57769984,57769984,true
cold,job,04b,95.000,115.000,109.000,0.947826,48332800,49938432,true
cold,job,04c,157.000,148.000,143.000,0.966216,64552960,65110016,true
cold,job,05a,3.000,43.000,73.000,1.697674,7176192,36798464,true
cold,job,05b,3.000,42.000,73.000,1.738095,7176192,36798464,true
cold,job,05c,678.000,657.000,654.000,0.995434,394887168,401997824,true
cold,job,06a,299.000,311.000,332.000,1.067524,83984384,102596608,true
cold,job,06b,317.000,328.000,346.000,1.054878,97615872,113344512,true
cold,job,06c,306.000,322.000,329.000,1.021739,97878016,99713024,true
cold,job,06d,330.000,346.000,364.000,1.052023,109150208,120422400,true
cold,job,06e,297.000,309.000,334.000,1.080906,84246528,102334464,true
cold,job,06f,748.000,742.000,718.000,0.967655,269844480,267452416,true
cold,job,07a,313.000,265.000,267.000,1.007547,84488192,113029120,true
cold,job,07b,199.000,159.000,170.000,1.069182,51752960,84422656,true
cold,job,07c,1455.000,1286.000,1275.000,0.991446,740012032,757342208,true
cold,job,08a,467.000,392.000,473.000,1.206633,127430656,155234304,true
cold,job,08b,379.000,309.000,337.000,1.090615,97288192,134983680,true
cold,job,08c,868.000,813.000,816.000,1.003690,92844032,99692544,true
cold,job,08d,295.000,265.000,283.000,1.067925,79147008,88158208,true
cold,job,09a,616.000,543.000,589.000,1.084715,197898240,215887872,true
cold,job,09b,612.000,494.000,484.000,0.979757,162246656,183742464,true
cold,job,09c,593.000,635.000,617.000,0.971654,197505024,216182784,true
cold,job,09d,827.000,847.000,845.000,0.997639,197242880,216444928,true
cold,job,10a,595.000,649.000,737.000,1.135593,205357056,206077952,true
cold,job,10b,290.000,358.000,386.000,1.078212,54099968,92667904,true
cold,job,10c,1295.000,1357.000,1341.000,0.988209,272400384,351862784,true
cold,job,11a,48.000,43.000,98.000,2.279070,15040512,49905664,true
cold,job,11b,192.000,181.000,193.000,1.066298,48594944,73236480,true
cold,job,11c,63.000,65.000,126.000,1.938462,18710528,53837824,true
cold,job,11d,56.000,50.000,126.000,2.520000,14778368,54099968,true
cold,job,12a,158.000,171.000,187.000,1.093567,68255744,77725696,true
cold,job,12b,121.000,57.000,82.000,1.438596,21069824,48103424,true
cold,job,12c,189.000,193.000,199.000,1.031088,68255744,84017152,true
cold,job,13a,156.000,158.000,173.000,1.094937,58556416,78774272,true
cold,job,13b,171.000,174.000,183.000,1.051724,44662784,62259200,true
cold,job,13c,125.000,118.000,137.000,1.161017,34701312,57016320,true
cold,job,13d,228.000,218.000,225.000,1.032110,48103424,61734912,true
cold,job,14a,144.000,139.000,152.000,1.093525,50397184,69042176,true
cold,job,14b,164.000,130.000,152.000,1.169231,40763392,65372160,true
cold,job,14c,188.000,186.000,184.000,0.989247,72187904,84246528,true
cold,job,15a,508.000,440.000,395.000,0.897727,178946048,123863040,true
cold,job,15b,520.000,224.000,241.000,1.075893,73990144,97615872,true
cold,job,15c,365.000,374.000,361.000,0.965241,105185280,117866496,true
cold,job,15d,280.000,276.000,269.000,0.974638,95256576,103940096,true
cold,job,16a,566.000,558.000,545.000,0.976703,224702464,231550976,true
cold,job,16b,1417.000,1369.000,1330.000,0.971512,255799296,253276160,true
cold,job,16c,681.000,667.000,651.000,0.976012,239382528,244396032,true
cold,job,16d,662.000,653.000,632.000,0.967841,239382528,244396032,true
cold,job,17a,547.000,378.000,355.000,0.939153,110690304,116260864,true
cold,job,17b,480.000,348.000,349.000,1.002874,115113984,120193024,true
cold,job,17c,517.000,337.000,331.000,0.982196,114065408,120455168,true
cold,job,17d,739.000,680.000,653.000,0.960294,251887616,248184832,true
cold,job,17e,875.000,864.000,853.000,0.987269,252510208,247824384,true
cold,job,17f,884.000,927.000,893.000,0.963323,251658240,246415360,true
cold,job,18a,772.000,801.000,776.000,0.968789,294584320,328433664,true
cold,job,18b,817.000,877.000,853.000,0.972634,319389696,336199680,true
cold,job,18c,1139.000,1171.000,1146.000,0.978651,328040448,337510400,true
cold,job,19a,590.000,488.000,473.000,0.969262,171180032,198586368,true
cold,job,19b,472.000,403.000,407.000,1.009926,120160256,161284096,true
cold,job,19c,586.000,660.000,641.000,0.971212,193921024,225390592,true
cold,job,19d,851.000,842.000,847.000,1.005938,162463744,185511936,true
cold,job,20a,1030.000,977.000,969.000,0.991812,312934400,318394368,true
cold,job,20b,673.000,554.000,584.000,1.054152,126222336,151879680,true
cold,job,20c,1055.000,1054.000,1048.000,0.994307,353140736,357683200,true
cold,job,21a,138.000,112.000,177.000,1.580357,47280128,91058176,true
cold,job,21b,145.000,94.000,161.000,1.712766,31555584,76120064,true
cold,job,21c,150.000,117.000,176.000,1.504274,48066560,91844608,true
cold,job,22a,279.000,277.000,272.000,0.981949,97386496,110985216,true
cold,job,22b,279.000,273.000,259.000,0.948718,95289344,110198784,true
cold,job,22c,299.000,293.000,286.000,0.976109,97386496,111247360,true
cold,job,22d,262.000,249.000,243.000,0.975904,88997888,101318656,true
cold,job,23a,304.000,381.000,316.000,0.829396,113868800,99516416,true
cold,job,23b,504.000,296.000,210.000,0.709459,67239936,100270080,true
cold,job,23c,411.000,321.000,334.000,1.040498,67731456,99254272,true
cold,job,24a,620.000,686.000,710.000,1.034985,264208384,282537984,true
cold,job,24b,499.000,498.000,528.000,1.060241,163938304,210284544,true
cold,job,25a,1071.000,1096.000,1104.000,1.007299,344817664,363200512,true
cold,job,25b,556.000,606.000,614.000,1.013201,240582656,269844480,true
cold,job,25c,1149.000,1174.000,1177.000,1.002555,358973440,371326976,true
cold,job,26a,1060.000,1053.000,1034.000,0.981956,360972288,364761088,true
cold,job,26b,962.000,914.000,902.000,0.986871,298876928,305950720,true
cold,job,26c,1005.000,1007.000,1001.000,0.994042,319782912,326520832,true
cold,job,27a,130.000,100.000,162.000,1.620000,36270080,79785984,true
cold,job,27b,99.000,95.000,167.000,1.757895,33124352,79523840,true
cold,job,27c,134.000,104.000,168.000,1.615385,36270080,79785984,true
cold,job,28a,263.000,246.000,237.000,0.963415,96174080,109150208,true
cold,job,28b,193.000,213.000,183.000,0.859155,85094400,82149376,true
cold,job,28c,261.000,262.000,256.000,0.977099,97386496,111509504,true
cold,job,29a,500.000,512.000,529.000,1.033203,162627584,211890176,true
cold,job,29b,791.000,492.000,538.000,1.093496,160006144,209006592,true
cold,job,29c,576.000,593.000,610.000,1.028668,207810560,245243904,true
cold,job,30a,973.000,979.000,949.000,0.969356,361889792,362151936,true
cold,job,30b,742.000,730.000,738.000,1.010959,262242304,292388864,true
cold,job,30c,1102.000,1144.000,1108.000,0.968531,355074048,361627648,true
cold,job,31a,954.000,972.000,966.000,0.993827,365854720,384204800,true
cold,job,31b,772.000,701.000,818.000,1.166904,284819456,330629120,true
cold,job,31c,1006.000,1011.000,997.000,0.986152,378208256,393904128,true
cold,job,32a,8.000,11.000,32.000,2.909091,4030464,20545536,true
cold,job,32b,84.000,87.000,92.000,1.057471,42303488,50167808,true
cold,job,33a,112.000,92.000,95.000,1.032609,28672000,40239104,true
cold,job,33b,79.000,88.000,90.000,1.022727,27066368,40763392,true
cold,job,33c,117.000,102.000,109.000,1.068627,32112640,46006272,true
cold,tpch_sf10,q01,2454.000,2301.000,2292.000,0.996089,616169472,616169472,true
cold,tpch_sf10,q02,290.000,259.000,255.000,0.984556,78970880,78970880,true
cold,tpch_sf10,q03,1899.000,1801.000,1767.000,0.981122,783867904,772734976,true
cold,tpch_sf10,q04,1771.000,1583.000,1575.000,0.994946,577273856,577273856,true
cold,tpch_sf10,q05,2018.000,1909.000,1857.000,0.972761,733503488,727318528,true
cold,tpch_sf10,q06,1389.000,1268.000,1276.000,1.006309,615088128,614825984,true
cold,tpch_sf10,q07,2087.000,1998.000,1994.000,0.997998,894197760,884899840,true
cold,tpch_sf10,q08,2259.000,2224.000,2167.000,0.974371,929624064,929169408,true
cold,tpch_sf10,q09,3633.000,3392.000,3321.000,0.979068,1145143296,1126563840,true
cold,tpch_sf10,q10,2630.000,2653.000,2608.000,0.983038,861409280,849391616,true
cold,tpch_sf10,q11,255.000,236.000,231.000,0.978814,71303168,66748416,true
cold,tpch_sf10,q12,2017.000,2002.000,1955.000,0.976523,706052096,689864704,true
cold,tpch_sf10,q13,2732.000,2840.000,2863.000,1.008099,342388736,341110784,true
cold,tpch_sf10,q14,1694.000,1576.000,1555.000,0.986675,793870336,787021824,true
cold,tpch_sf10,q15,1531.000,1479.000,1478.000,0.999324,633470976,633470976,true
cold,tpch_sf10,q16,437.000,462.000,445.000,0.963203,46759936,45711360,true
cold,tpch_sf10,q17,1655.000,1694.000,1681.000,0.992326,774701056,774701056,true
cold,tpch_sf10,q18,3246.000,3378.000,3343.000,0.989639,567017472,552054784,true
cold,tpch_sf10,q19,2772.000,2364.000,2531.000,1.070643,1095073792,1095696384,true
cold,tpch_sf10,q20,1895.000,1955.000,1955.000,1.000000,897622016,888938496,true
cold,tpch_sf10,q21,3286.000,2685.000,2672.000,0.995158,735637504,726372352,true
cold,tpch_sf10,q22,492.000,526.000,524.000,0.996198,88473600,88473600,true
cold,appian,q01,1303.000,1484.000,1471.000,0.991240,107315200,107577344,true
cold,appian,q02,3180.000,3309.000,3288.000,0.993654,251277312,244776960,true
cold,appian,q03,3036.000,2871.000,2836.000,0.987809,234188800,230486016,true
cold,appian,q04,11278.000,11598.000,11162.000,0.962407,289239040,283242496,true
cold,appian,q05,2031.000,2276.000,2252.000,0.989455,176521216,174161920,true
cold,appian,q06,2200.000,2634.000,2638.000,1.001519,115965952,118587392,true
cold,appian,q07,2174.000,2160.000,2110.000,0.976852,280379392,278319104,true
cold,appian,q08,16999.000,16101.000,16249.000,1.009192,249491456,247361536,true
